<?xml version="1.0" encoding="UTF-8"?>
<beans xmlns="http://www.springframework.org/schema/beans"  
    xmlns:xsi="http://www.w3.org/2001/XMLSchema-instance" 
    xmlns:tx="http://www.springframework.org/schema/tx"  
    xmlns:context="http://www.springframework.org/schema/context"  
    xmlns:mvc="http://www.springframework.org/schema/mvc"  
    xsi:schemaLocation="  
        http://www.springframework.org/schema/beans  
        http://www.springframework.org/schema/beans/spring-beans.xsd  
        http://www.springframework.org/schema/context  
        http://www.springframework.org/schema/context/spring-context.xsd  
        http://www.springframework.org/schema/mvc  
        http://www.springframework.org/schema/mvc/spring-mvc.xsd
        http://www.springframework.org/schema/tx  
        http://www.springframework.org/schema/tx/spring-tx.xsd">  

         <context:property-placeholder location="classpath:/com/pawana/util/DB.properties"/>
  
<context:component-scan base-package="com.pawana.*"/>

 <tx:annotation-driven transaction-manager="hibernateTransactionManager"/>



<bean id="ds" class="org.springframework.jdbc.datasource.DriverManagerDataSource">    
<property name="driverClassName" value="${db.driver}"></property>    
<property name="url" value="${db.url}"></property>    
<property name="username" value="${db.username}"></property>    
<property name="password" value="${db.password}"></property>    
</bean>    



<bean id="viewResolver" class="org.springframework.web.servlet.view.InternalResourceViewResolver">    
<property name="prefix" value="/WEB-INF/jsp/"></property>    
<property name="suffix" value=".jsp"></property>    
</bean>    

<bean class="org.springframework.orm.hibernate3.annotation.AnnotationSessionFactoryBean" id="sessionFactory">
 <property name="dataSource" ref="ds"></property>
 <property name="annotatedClasses">
  <list>
   <value>com.pawana.test.PatientBean</value>
  </list>
 </property>
 <property name="hibernateProperties">
 <props>
  <prop key="hibernate.dialect">org.hibernate.dialect.MySQL5Dialect</prop>
  <prop key="hibernate.show_sql">true</prop>
  <prop key="hibernate.hbm2ddl.auto">update</prop>    
        </props>
      </property>
     
</bean>
<bean id="hibernateTransactionManager"
    class="org.springframework.orm.hibernate3.HibernateTransactionManager">
    <property name="sessionFactory" ref="sessionFactory" />
</bean>
<mvc:annotation-driven />
        
        
        
 </beans>       